Winner,Team 1 Side,Team 1 Pick Order,Team 1 Pick 1,Team 1 Pick 2,Team 1 Pick 3,Team 1 Pick 4,Team 1 Pick 5,Team 1 Name,Team 2 Name,Team 2 Pick 1,Team 2 Pick 2,Team 2 Pick 3,Team 2 Pick 4,Team 2 Pick 5,Team 2 Side,Team 2 Pick Order,Stage
2,Dire,2nd Pick,Warlock,Legion Commander,Enchantress,Alchemist,Outworld Devourer,Virtus Pro,OG,Treant Protector,Dazzle,Centaur Warrunner,Troll Warlord,Timbersaw,Radiant,1st Pick,Kiev Major
2,Dire,2nd Pick,Magnus,Crystal Maiden,Monkey King,Juggernaut,Silencer,Virtus Pro,OG,Warlock,Terrorblade,Earth Spirit,Enigma,Ember Spirit,Radiant,1st Pick,Kiev Major
1,Radiant,1st Pick,Warlock,Axe,Lifestealer,Dragon Knight,Night Stalker,Virtus Pro,OG,Magnus,Phoenix,Elder Titan,Storm Spirit,Medusa,Dire,2nd Pick,Kiev Major
1,Dire,2nd Pick,Warlock,Magnus,Sand King,Terrorblade,Ursa,Virtus Pro,OG,Monkey King,Phoenix,Spectre,Batrider,Templar Assassin,Radiant,1st Pick,Kiev Major
2,Dire,2nd Pick,Warlock,Magnus,Ursa,Tusk,Slark,Virtus Pro,OG,Monkey King,Terrorblade,Phoenix,Batrider,Invoker,Radiant,1st Pick,Kiev Major
1,Dire,1st Pick,Treant Protector,Crystal Maiden,Templar Assassin,Timbersaw,Axe,OG,Evil Geniuses,Io,Legion Commander,Rubick,Slark,Death Prophet,Radiant,2nd Pick,Kiev Major
1,Radiant,1st Pick,Treant Protector,Terrorblade,Legion Commander,Phoenix,Ember Spirit,OG,Evil Geniuses,Magnus,Spectre,Warlock,Monkey King,Queen of Pain,Dire,2nd Pick,Kiev Major
2,Radiant,2nd Pick,Warlock,Sand King,Riki,Sven,Ember Spirit,Invictus Gaming,Virtus Pro,Magnus,Juggernaut,Disruptor,Io,Templar Assassin,Dire,1st Pick,Kiev Major
2,Radiant,2nd Pick,Riki,Omniknight,Vengeful Spirit,Ember Spirit,Morphling,Invictus Gaming,Virtus Pro,Magnus,Spirit Breaker,Phoenix,Faceless Void,Venomancer,Dire,1st Pick,Kiev Major
1,Radiant,1st Pick,Treant Protector,Spectre,Legion Commander,Puck,Dazzle,Evil Geniuses,SG e-sports,Warlock,Clockwerk,Juggernaut,Lina,Batrider,Dire,2nd Pick,Kiev Major
2,Radiant,1st Pick,Riki,Rubick,Abaddon,Invoker,Lycan,Evil Geniuses,SG e-sports,Crystal Maiden,Enigma,Night Stalker,Terrorblade,Puck,Dire,2nd Pick,Kiev Major
1,Dire,2nd Pick,Crystal Maiden,Dark Seer,Spirit Breaker,Slark,Queen of Pain,Evil Geniuses,SG e-sports,Treant Protector,Lina,Juggernaut,Disruptor,Sand King,Radiant,1st Pick,Kiev Major
2,Radiant,2nd Pick,Alchemist,Crystal Maiden,Kunkka,Bristleback,Tiny,Team Faceless,OG,Naga Siren,Disruptor,Axe,Terrorblade,Elder Titan,Dire,1st Pick,Kiev Major
2,Radiant,1st Pick,Crystal Maiden,Nyx Assassin,Ogre Magi,Morphling,Outworld Devourer,Team Faceless,OG,Naga Siren,Disruptor,Pudge,Centaur Warrunner,Templar Assassin,Dire,2nd Pick,Kiev Major
1,Radiant,1st Pick,Crystal Maiden,Slark,Abaddon,Ogre Magi,Morphling,Team Faceless,OG,Alchemist,Batrider,Shadow Shaman,Enigma,Outworld Devourer,Dire,2nd Pick,Kiev Major
2,Dire,1st Pick,Omniknight,Ember Spirit,Treant Protector,Lifestealer,Pugna,Vici Gaming J,Virtus Pro,Dark Seer,Slardar,Ursa,Disruptor,Slark,Radiant,2nd Pick,Kiev Major
2,Radiant,2nd Pick,Omniknight,Treant Protector,Vengeful Spirit,Lina,Phantom Assassin,Vici Gaming J,Virtus Pro,Magnus,Ursa,Crystal Maiden,Rubick,Templar Assassin,Dire,1st Pick,Kiev Major
1,Dire,1st Pick,Warlock,Monkey King,Lifestealer,Lina,Sand King,Vici Gaming J,Virtus Pro,Legion Commander,Crystal Maiden,Ursa,Visage,Puck,Radiant,2nd Pick,Kiev Major
1,Radiant,1st Pick,Monkey King,Ember Spirit,Dark Seer,Phoenix,Wraith King,Invictus Gaming,Liquid,Spectre,Crystal Maiden,Earthshaker,Legion Commander,Outworld Devourer,Dire,2nd Pick,Kiev Major
2,Radiant,2nd Pick,Monkey King,Warlock,Legion Commander,Anti-Mage,Storm Spirit,Invictus Gaming,Liquid,Crystal Maiden,Earthshaker,Spectre,Dark Seer,Invoker,Dire,1st Pick,Kiev Major
1,Dire,1st Pick,Crystal Maiden,Monkey King,Batrider,Ember Spirit,Morphling,Invictus Gaming,Liquid,Tusk,Nature's Prophet,Visage,Templar Assassin,Weaver,Radiant,2nd Pick,Kiev Major
2,Dire,2nd Pick,Io,Beastmaster,Bounty Hunter,Invoker,Timbersaw,Team Secret,SG e-sports,Warlock,Sand King,Undying,Slark,Storm Spirit,Radiant,1st Pick,Kiev Major
2,Radiant,2nd Pick,Crystal Maiden,Abaddon,Spirit Breaker,Vengeful Spirit,Shadow Fiend,Team Secret,SG e-sports,Riki,Lina,Lifestealer,Dark Seer,Disruptor,Dire,1st Pick,Kiev Major
1,Dire,1st Pick,Warlock,Juggernaut,Tusk,Ember Spirit,Dark Seer,Team Secret,SG e-sports,Clockwerk,Kunkka,Disruptor,Troll Warlord,Alchemist,Radiant,2nd Pick,Kiev Major
2,Radiant,1st Pick,Beastmaster,Rubick,Phoenix,Medusa,Puck,Thunderbirds,Evil Geniuses,Io,Treant Protector,Legion Commander,Troll Warlord,Queen of Pain,Dire,2nd Pick,Kiev Major
2,Dire,2nd Pick,Bounty Hunter,Sand King,Dazzle,Luna,Death Prophet,Thunderbirds,Evil Geniuses,Riki,Crystal Maiden,Abaddon,Spectre,Storm Spirit,Radiant,1st Pick,Kiev Major
1,Dire,1st Pick,Treant Protector,Alchemist,Crystal Maiden,Legion Commander,Ember Spirit,OG,Wings / Team Random,Monkey King,Nature's Prophet,Rubick,Lina,Anti-Mage,Radiant,2nd Pick,Kiev Major
2,Dire,2nd Pick,Dazzle,Brewmaster,Tusk,Ember Spirit,Arc Warden,OG,Wings / Team Random,Vengeful Spirit,Batrider,Winter Wyvern,Troll Warlord,Death Prophet,Radiant,1st Pick,Kiev Major
1,Dire,1st Pick,Monkey King,Shadow Shaman,Spectre,Timbersaw,Enigma,OG,Wings / Team Random,Crystal Maiden,Night Stalker,Leshrac,Alchemist,Weaver,Radiant,2nd Pick,Kiev Major
2,Radiant,1st Pick,Ogre Magi,Outworld Devourer,Vengeful Spirit,Omniknight,Troll Warlord,TnC,Team Faceless,Crystal Maiden,Abaddon,Nyx Assassin,Slark,Medusa,Dire,2nd Pick,Kiev Major
1,Radiant,1st Pick,Crystal Maiden,Nyx Assassin,Slark,Axe,Windranger,TnC,Team Faceless,Treant Protector,Witch Doctor,Omniknight,Anti-Mage,Tiny,Dire,2nd Pick,Kiev Major
2,Dire,1st Pick,Nyx Assassin,Slardar,Dazzle,Spectre,Templar Assassin,TnC,Team Faceless,Ogre Magi,Crystal Maiden,Abaddon,Slark,Storm Spirit,Radiant,2nd Pick,Kiev Major
1,Dire,1st Pick,Warlock,Ursa,Io,Centaur Warrunner,Templar Assassin,Virtus Pro,iG Vitality,Omniknight,Crystal Maiden,Sand King,Spectre,Ember Spirit,Radiant,2nd Pick,Kiev Major
1,Dire,2nd Pick,Ursa,Crystal Maiden,Slardar,Dark Seer,Shadow Fiend,Virtus Pro,iG Vitality,Omniknight,Riki,Warlock,Ember Spirit,Sven,Radiant,1st Pick,Kiev Major
2,Radiant,2nd Pick,Nyx Assassin,Invoker,Magnus,Juggernaut,Vengeful Spirit,Digital Chaos,Vici Gaming J,Warlock,Lifestealer,Monkey King,Centaur Warrunner,Lina,Dire,1st Pick,Kiev Major
2,Dire,2nd Pick,Monkey King,Warlock,Spectre,Ember Spirit,Nature's Prophet,Digital Chaos,Vici Gaming J,Abaddon,Vengeful Spirit,Treant Protector,Medusa,Phoenix,Radiant,1st Pick,Kiev Major
1,Dire,2nd Pick,Tusk,Lycan,Winter Wyvern,Nature's Prophet,Death Prophet,Liquid,Newbee,Legion Commander,Sven,Silencer,Ember Spirit,Earth Spirit,Radiant,1st Pick,Kiev Major
1,Dire,2nd Pick,Doom,Tusk,Dazzle,Spectre,Templar Assassin,Liquid,Newbee,Legion Commander,Juggernaut,Warlock,Ember Spirit,Sand King,Radiant,1st Pick,Kiev Major
2,Radiant,2nd Pick,Treant Protector,Lion,Spectre,Doom,Tinker,Liquid,Newbee,Crystal Maiden,Nyx Assassin,Juggernaut,Shadow Fiend,Omniknight,Dire,1st Pick,Kiev Major
1,Radiant,2nd Pick,Omniknight,Vengeful Spirit,Warlock,Sand King,Medusa,Invictus Gaming,Mousesports,Bounty Hunter,Abaddon,Disruptor,Lina,Phantom Lancer,Dire,1st Pick,Kiev Major
2,Dire,2nd Pick,Magnus,Juggernaut,Lina,Ogre Magi,Treant Protector,Invictus Gaming,Mousesports,Riki,Abaddon,Templar Assassin,Lycan,Bane,Radiant,1st Pick,Kiev Major
1,Radiant,2nd Pick,Magnus,Juggernaut,Crystal Maiden,Bounty Hunter,Shadow Fiend,Invictus Gaming,Mousesports,Treant Protector,Beastmaster,Disruptor,Timbersaw,Templar Assassin,Dire,1st Pick,Kiev Major
2,Dire,1st Pick,Monkey King,Treant Protector,Templar Assassin,Night Stalker,Spectre,Wings / Team Random,Newbee,Rubick,Sand King,Invoker,Batrider,Terrorblade,Radiant,2nd Pick,Kiev Major
2,Dire,2nd Pick,Lich,Puck,Earth Spirit,Timbersaw,Razor,Wings / Team Random,Newbee,Legion Commander,Silencer,Riki,Sven,Crystal Maiden,Radiant,1st Pick,Kiev Major
2,Dire,2nd Pick,Keeper of the Light,Nyx Assassin,Warlock,Clinkz,Tinker,Team Faceless,Liquid,Monkey King,Juggernaut,Witch Doctor,Nature's Prophet,Lycan,Radiant,1st Pick,Kiev Major
2,Radiant,2nd Pick,Arc Warden,Witch Doctor,Undying,Clockwerk,Dragon Knight,Team Faceless,Liquid,Treant Protector,Lion,Enigma,Vengeful Spirit,Storm Spirit,Dire,1st Pick,Kiev Major
1,Radiant,2nd Pick,Slardar,Nyx Assassin,Spectre,Dazzle,Outworld Devourer,TnC,Digital Chaos,Crystal Maiden,Abaddon,Undying,Slark,Dragon Knight,Dire,1st Pick,Kiev Major
1,Dire,1st Pick,Monkey King,Axe,Dazzle,Weaver,Templar Assassin,TnC,Digital Chaos,Legion Commander,Riki,Vengeful Spirit,Silencer,Alchemist,Radiant,2nd Pick,Kiev Major
2,Dire,2nd Pick,Earth Spirit,Dark Seer,Juggernaut,Winter Wyvern,Troll Warlord,TnC,Digital Chaos,Legion Commander,Warlock,Riki,Weaver,Shadow Fiend,Radiant,1st Pick,Kiev Major
1,Radiant,2nd Pick,Night Stalker,Omniknight,Ember Spirit,Disruptor,Sniper,Vici Gaming J,Mousesports,Keeper of the Light,Juggernaut,Bane,Bristleback,Outworld Devourer,Dire,1st Pick,Kiev Major
1,Dire,1st Pick,Treant Protector,Omniknight,Vengeful Spirit,Shadow Fiend,Phantom Assassin,Vici Gaming J,Mousesports,Io,Ember Spirit,Rubick,Weaver,Batrider,Radiant,2nd Pick,Kiev Major
2,Dire,1st Pick,Batrider,Alchemist,Elder Titan,Lina,Timbersaw,OG,Thunderbirds,Treant Protector,Meepo,Lifestealer,Slardar,Vengeful Spirit,Radiant,2nd Pick,Kiev Major
2,Radiant,1st Pick,Monkey King,Arc Warden,Warlock,Dragon Knight,Legion Commander,OG,Thunderbirds,Beastmaster,Rubick,Lina,Bounty Hunter,Anti-Mage,Dire,2nd Pick,Kiev Major
1,Radiant,2nd Pick,Riki,Omniknight,Ember Spirit,Warlock,Sven,Invictus Gaming,Evil Geniuses,Magnus,Rubick,Doom,Juggernaut,Tiny,Dire,1st Pick,Kiev Major
1,Dire,2nd Pick,Magnus,Juggernaut,Crystal Maiden,Monkey King,Templar Assassin,Invictus Gaming,Evil Geniuses,Io,Spirit Breaker,Invoker,Clinkz,Beastmaster,Radiant,1st Pick,Kiev Major
2,Radiant,1st Pick,Treant Protector,Ember Spirit,Phoenix,Batrider,Phantom Assassin,Invictus Gaming,Evil Geniuses,Nature's Prophet,Invoker,Windranger,Rubick,Slark,Dire,2nd Pick,Kiev Major
1,Radiant,2nd Pick,Crystal Maiden,Enigma,Kunkka,Spectre,Sniper,Team Secret,Invictus Gaming,Treant Protector,Vengeful Spirit,Medusa,Phoenix,Puck,Dire,1st Pick,Kiev Major
1,Dire,1st Pick,Riki,Abaddon,Templar Assassin,Shadow Shaman,Lycan,Team Secret,Invictus Gaming,Legion Commander,Vengeful Spirit,Lina,Pudge,Sven,Radiant,2nd Pick,Kiev Major
2,Dire,1st Pick,Lina,Centaur Warrunner,Lifestealer,Silencer,Earth Spirit,SG e-sports,Team Faceless,Nyx Assassin,Keeper of the Light,Invoker,Jakiro,Slark,Radiant,2nd Pick,Kiev Major
2,Dire,2nd Pick,Lina,Crystal Maiden,Night Stalker,Enigma,Tiny,SG e-sports,Team Faceless,Treant Protector,Arc Warden,Witch Doctor,Dragon Knight,Bristleback,Radiant,1st Pick,Kiev Major
1,Radiant,1st Pick,Warlock,Magnus,Ogre Magi,Juggernaut,Phantom Assassin,Virtus Pro,TnC,Earth Spirit,Lina,Rubick,Batrider,Morphling,Dire,2nd Pick,Kiev Major
1,Dire,2nd Pick,Magnus,Crystal Maiden,Slardar,Lifestealer,Spectre,Virtus Pro,TnC,Earth Spirit,Nyx Assassin,Dazzle,Terrorblade,Tinker,Radiant,1st Pick,Kiev Major
2,Radiant,1st Pick,Treant Protector,Phantom Assassin,Dark Seer,Crystal Maiden,Storm Spirit,Vici Gaming J,Thunderbirds,Beastmaster,Rubick,Phoenix,Ember Spirit,Medusa,Dire,2nd Pick,Kiev Major
1,Radiant,2nd Pick,Abaddon,Night Stalker,Warlock,Lina,Lifestealer,Vici Gaming J,Thunderbirds,Keeper of the Light,Legion Commander,Monkey King,Puck,Slark,Dire,1st Pick,Kiev Major
2,Radiant,1st Pick,Treant Protector,Dark Seer,Phantom Assassin,Ember Spirit,Warlock,Vici Gaming J,Thunderbirds,Rubick,Beastmaster,Juggernaut,Pudge,Bristleback,Dire,2nd Pick,Kiev Major
1,Dire,2nd Pick,Windranger,Nature's Prophet,Rubick,Invoker,Slark,Evil Geniuses,Newbee,Magnus,Ember Spirit,Crystal Maiden,Phantom Assassin,Bounty Hunter,Radiant,1st Pick,Kiev Major
1,Dire,1st Pick,Magnus,Riki,Windranger,Troll Warlord,Ember Spirit,Evil Geniuses,Newbee,Rubick,Juggernaut,Earth Spirit,Lina,Tidehunter,Radiant,2nd Pick,Kiev Major
2,Dire,1st Pick,Vengeful Spirit,Warlock,Centaur Warrunner,Invoker,Earth Spirit,iG Vitality,Mousesports,Keeper of the Light,Legion Commander,Bane,Ember Spirit,Templar Assassin,Radiant,2nd Pick,Kiev Major
2,Radiant,2nd Pick,Invoker,Beastmaster,Witch Doctor,Terrorblade,Riki,iG Vitality,Mousesports,Legion Commander,Outworld Devourer,Rubick,Slark,Pudge,Dire,1st Pick,Kiev Major
2,Dire,1st Pick,Monkey King,Rubick,Shadow Fiend,Spectre,Doom,iG Vitality,Vici Gaming J,Nyx Assassin,Omniknight,Phantom Assassin,Keeper of the Light,Storm Spirit,Radiant,2nd Pick,Kiev Major
1,Radiant,2nd Pick,Nyx Assassin,Invoker,Crystal Maiden,Beastmaster,Slark,iG Vitality,Vici Gaming J,Abaddon,Juggernaut,Bounty Hunter,Lion,Phantom Lancer,Dire,1st Pick,Kiev Major
2,Dire,1st Pick,Monkey King,Omniknight,Weaver,Silencer,Storm Spirit,iG Vitality,Vici Gaming J,Warlock,Abaddon,Crystal Maiden,Puck,Anti-Mage,Radiant,2nd Pick,Kiev Major
1,Dire,1st Pick,Magnus,Riki,Crystal Maiden,Queen of Pain,Spectre,Evil Geniuses,Team Faceless,Warlock,Nature's Prophet,Spirit Breaker,Terrorblade,Storm Spirit,Radiant,2nd Pick,Kiev Major
2,Radiant,2nd Pick,Riki,Crystal Maiden,Puck,Nature's Prophet,Anti-Mage,Evil Geniuses,Team Faceless,Warlock,Shadow Fiend,Earth Spirit,Timbersaw,Tiny,Dire,1st Pick,Kiev Major
1,Dire,1st Pick,Treant Protector,Nature's Prophet,Windranger,Invoker,Clinkz,Evil Geniuses,Team Faceless,Crystal Maiden,Magnus,Earth Spirit,Troll Warlord,Broodmother,Radiant,2nd Pick,Kiev Major
2,Radiant,1st Pick,Monkey King,Juggernaut,Legion Commander,Ember Spirit,Keeper of the Light,SG e-sports,Liquid,Io,Clockwerk,Tusk,Bristleback,Templar Assassin,Dire,2nd Pick,Kiev Major
2,Radiant,2nd Pick,Clockwerk,Crystal Maiden,Juggernaut,Shadow Fiend,Earth Spirit,SG e-sports,Liquid,Treant Protector,Io,Omniknight,Terrorblade,Vengeful Spirit,Dire,1st Pick,Kiev Major
1,Dire,2nd Pick,Earth Spirit,Lina,Rubick,Sand King,Naga Siren,TnC,Thunderbirds,Monkey King,Nature's Prophet,Oracle,Faceless Void,Death Prophet,Radiant,1st Pick,Kiev Major
1,Dire,2nd Pick,Slardar,Dazzle,Nyx Assassin,Spectre,Silencer,TnC,Thunderbirds,Monkey King,Abaddon,Disruptor,Naga Siren,Windranger,Radiant,1st Pick,Kiev Major
2,Dire,2nd Pick,Nyx Assassin,Ogre Magi,Vengeful Spirit,Lifestealer,Lina,TnC,Thunderbirds,Treant Protector,Clockwerk,Rubick,Terrorblade,Razor,Radiant,1st Pick,Kiev Major
1,Dire,2nd Pick,Magnus,Riki,Silencer,Storm Spirit,Anti-Mage,Invictus Gaming,OG,Monkey King,Phoenix,Clockwerk,Dragon Knight,Spectre,Radiant,1st Pick,Kiev Major
1,Radiant,2nd Pick,Magnus,Juggernaut,Phoenix,Earth Spirit,Templar Assassin,Invictus Gaming,OG,Monkey King,Arc Warden,Clockwerk,Invoker,Silencer,Dire,1st Pick,Kiev Major
1,Radiant,2nd Pick,Crystal Maiden,Abaddon,Bounty Hunter,Ember Spirit,Phantom Lancer,Team Secret,Digital Chaos,Treant Protector,Invoker,Rubick,Sand King,Bristleback,Dire,1st Pick,Kiev Major
1,Dire,1st Pick,Treant Protector,Dark Seer,Lion,Spectre,Death Prophet,Team Secret,Digital Chaos,Vengeful Spirit,Undying,Sand King,Juggernaut,Medusa,Radiant,2nd Pick,Kiev Major
1,Dire,1st Pick,Legion Commander,Vengeful Spirit,Undying,Invoker,Timbersaw,Digital Chaos,Newbee,Monkey King,Warlock,Centaur Warrunner,Sven,Puck,Radiant,2nd Pick,Kiev Major
1,Radiant,2nd Pick,Monkey King,Vengeful Spirit,Sand King,Warlock,Shadow Fiend,Digital Chaos,Newbee,Crystal Maiden,Abaddon,Earth Spirit,Lina,Lifestealer,Dire,1st Pick,Kiev Major
2,Dire,1st Pick,Treant Protector,Magnus,Shadow Shaman,Anti-Mage,Omniknight,Evil Geniuses,TnC,Earth Spirit,Crystal Maiden,Axe,Lina,Terrorblade,Radiant,2nd Pick,Kiev Major
2,Dire,1st Pick,Treant Protector,Lifestealer,Shadow Shaman,Troll Warlord,Faceless Void,Evil Geniuses,TnC,Crystal Maiden,Nyx Assassin,Ogre Magi,Slark,Phantom Lancer,Radiant,2nd Pick,Kiev Major
2,Radiant,1st Pick,Monkey King,Invoker,Crystal Maiden,Naga Siren,Earth Spirit,Liquid,Thunderbirds,Nature's Prophet,Rubick,Puck,Pudge,Morphling,Dire,2nd Pick,Kiev Major
2,Radiant,2nd Pick,Monkey King,Night Stalker,Crystal Maiden,Lifestealer,Arc Warden,Liquid,Thunderbirds,Keeper of the Light,Sand King,Tusk,Terrorblade,Bristleback,Dire,1st Pick,Kiev Major
1,Dire,1st Pick,Monkey King,Templar Assassin,Winter Wyvern,Spectre,Doom,Liquid,Thunderbirds,Beastmaster,Invoker,Warlock,Sand King,Wraith King,Radiant,2nd Pick,Kiev Major
2,Radiant,1st Pick,Treant Protector,Witch Doctor,Nyx Assassin,Invoker,Faceless Void,Team Faceless,Virtus Pro,Dark Seer,Slardar,Warlock,Ember Spirit,Terrorblade,Dire,2nd Pick,Kiev Major
2,Dire,2nd Pick,Abaddon,Crystal Maiden,Spirit Breaker,Tinker,Morphling,Team Faceless,Virtus Pro,Magnus,Monkey King,Troll Warlord,Storm Spirit,Ogre Magi,Radiant,1st Pick,Kiev Major
1,Dire,1st Pick,Vengeful Spirit,Crystal Maiden,Terrorblade,Omniknight,Earthshaker,Wings / Team Random,iG Vitality,Magnus,Riki,Warlock,Phantom Assassin,Lina,Radiant,2nd Pick,Kiev Major
1,Dire,1st Pick,Vengeful Spirit,Legion Commander,Keeper of the Light,Medusa,Ogre Magi,Wings / Team Random,iG Vitality,Magnus,Riki,Witch Doctor,Phantom Assassin,Invoker,Radiant,2nd Pick,Kiev Major
1,Radiant,2nd Pick,Dazzle,Ember Spirit,Earthshaker,Brewmaster,Troll Warlord,Wings / Team Random,iG Vitality,Treant Protector,Vengeful Spirit,Centaur Warrunner,Warlock,Shadow Fiend,Dire,1st Pick,Kiev Major
1,Dire,1st Pick,Warlock,Tusk,Centaur Warrunner,Lycan,Invoker,Team Secret,Vici Gaming J,Legion Commander,Silencer,Earth Spirit,Lina,Lifestealer,Radiant,2nd Pick,Kiev Major
1,Radiant,2nd Pick,Abaddon,Bounty Hunter,Io,Shadow Fiend,Chaos Knight,Team Secret,Vici Gaming J,Crystal Maiden,Omniknight,Ember Spirit,Luna,Vengeful Spirit,Dire,1st Pick,Kiev Major
1,Radiant,2nd Pick,Treant Protector,Enigma,Vengeful Spirit,Terrorblade,Dragon Knight,OG,SG e-sports,Monkey King,Rubick,Centaur Warrunner,Invoker,Faceless Void,Dire,1st Pick,Kiev Major
2,Dire,1st Pick,Monkey King,Enigma,Disruptor,Naga Siren,Outworld Devourer,OG,SG e-sports,Treant Protector,Legion Commander,Ember Spirit,Silencer,Morphling,Radiant,2nd Pick,Kiev Major
1,Radiant,2nd Pick,Monkey King,Batrider,Shadow Shaman,Arc Warden,Faceless Void,OG,SG e-sports,Clockwerk,Crystal Maiden,Enigma,Slark,Puck,Dire,1st Pick,Kiev Major
1,Dire,1st Pick,Legion Commander,Vengeful Spirit,Earth Spirit,Lina,Weaver,Invictus Gaming,Mousesports,Dazzle,Lifestealer,Outworld Devourer,Winter Wyvern,Batrider,Radiant,2nd Pick,Kiev Major
1,Dire,1st Pick,Legion Commander,Vengeful Spirit,Riki,Ember Spirit,Phoenix,Invictus Gaming,Mousesports,Monkey King,Keeper of the Light,Axe,Outworld Devourer,Troll Warlord,Radiant,2nd Pick,Kiev Major
1,Dire,1st Pick,Treant Protector,Naga Siren,Disruptor,Axe,Invoker,OG,Wings / Team Random,Ember Spirit,Dazzle,Earthshaker,Troll Warlord,Broodmother,Radiant,2nd Pick,Kiev Major
2,Radiant,2nd Pick,Clockwerk,Warlock,Shadow Demon,Abaddon,Kunkka,OG,Wings / Team Random,Monkey King,Crystal Maiden,Batrider,Morphling,Lina,Dire,1st Pick,Kiev Major
1,Dire,1st Pick,Monkey King,Puck,Naga Siren,Disruptor,Templar Assassin,OG,Wings / Team Random,Vengeful Spirit,Legion Commander,Warlock,Lion,Medusa,Radiant,2nd Pick,Kiev Major
1,Radiant,2nd Pick,Monkey King,Legion Commander,Spectre,Warlock,Ember Spirit,Digital Chaos,Liquid,Crystal Maiden,Clockwerk,Lina,Naga Siren,Riki,Dire,1st Pick,Kiev Major
2,Dire,1st Pick,Monkey King,Abaddon,Vengeful Spirit,Shadow Fiend,Witch Doctor,Digital Chaos,Liquid,Crystal Maiden,Doom,Earthshaker,Spectre,Tinker,Radiant,2nd Pick,Kiev Major
1,Radiant,2nd Pick,Monkey King,Abaddon,Crystal Maiden,Dragon Knight,Weaver,Digital Chaos,Liquid,Earthshaker,Invoker,Warlock,Clockwerk,Razor,Dire,1st Pick,Kiev Major
1,Radiant,2nd Pick,Warlock,Legion Commander,Earth Spirit,Invoker,Sven,OG,Ad Finem,Rubick,Mirana,Nyx Assassin,Lifestealer,Templar Assassin,Dire,1st Pick,Boston Major
,,,,,,,,,,,,,,,,,
2,Dire,1st Pick,Shadow Demon,Mirana,Juggernaut,Dragon Knight,Nyx Assassin,OG,Ad Finem,Luna,Rubick,Earthshaker,Puck,Legion Commander,Radiant,2nd Pick,Boston Major
,,,,,,,,,,,,,,,,,
1,Radiant,1st Pick,Batrider,Drow Ranger,Dazzle,Dragon Knight,Slardar,OG,Ad Finem,Nyx Assassin,Rubick,Bounty Hunter,Phantom Assassin,Outworld Devourer,Dire,2nd Pick,Boston Major
,,,,,,,,,,,,,,,,,
1,Radiant,2nd Pick,Luna,Warlock,Outworld Devourer,Earth Spirit,Legion Commander,OG,Ad Finem,Shadow Demon,Clockwerk,Puck,Drow Ranger,Weaver,Dire,1st Pick,Boston Major
,,,,,,,,,,,,,,,,,
2,Dire,1st Pick,Rubick,Juggernaut,Tidehunter,Windranger,Earth Spirit,Digital Chaos,Ad Finem,Bounty Hunter,Nyx Assassin,Ogre Magi,Sniper,Timbersaw,Radiant,2nd Pick,Boston Major
,,,,,,,,,,,,,,,,,
2,Radiant,2nd Pick,Batrider,Warlock,Undying,Dragon Knight,Morphling,Digital Chaos,Ad Finem,Rubick,Nyx Assassin,Lifestealer,Timbersaw,Enigma,Dire,1st Pick,Boston Major
,,,,,,,,,,,,,,,,,
2,Dire,2nd Pick,Ogre Magi,Ursa,Rubick,Morphling,Clockwerk,Evil Geniuses,OG,Dark Seer,Alchemist,Slardar,Dazzle,Outworld Devourer,Radiant,1st Pick,Boston Major
,,,,,,,,,,,,,,,,,
2,Radiant,2nd Pick,Shadow Demon,Mirana,Nyx Assassin,Luna,Leshrac,Evil Geniuses,OG,Naga Siren,Keeper of the Light,Clockwerk,Rubick,Dragon Knight,Dire,1st Pick,Boston Major
,,,,,,,,,,,,,,,,,
1,Radiant,2nd Pick,Nyx Assassin,Rubick,Lifestealer,Mirana,Outworld Devourer,Ad Finem,LGD.Forever Young,Batrider,Silencer,Ursa,Alchemist,Sand King,Dire,1st Pick,Boston Major
,,,,,,,,,,,,,,,,,
2,Radiant,2nd Pick,Ogre Magi,Dark Seer,Weaver,Alchemist,Warlock,Ad Finem,LGD.Forever Young,Bounty Hunter,Batrider,Disruptor,Timbersaw,Terrorblade,Dire,1st Pick,Boston Major
,,,,,,,,,,,,,,,,,
1,Radiant,1st Pick,Io,Batrider,Clockwerk,Puck,Morphling,Ad Finem,LGD.Forever Young,Sand King,Enigma,Weaver,Vengeful Spirit,Juggernaut,Dire,2nd Pick,Boston Major
,,,,,,,,,,,,,,,,,
2,Dire,1st Pick,Warlock,Luna,Earthshaker,Alchemist,Axe,Digital Chaos,Team NP,Sand King,Rubick,Sven,Elder Titan,Timbersaw,Radiant,2nd Pick,Boston Major
,,,,,,,,,,,,,,,,,
1,Radiant,2nd Pick,Keeper of the Light,Naga Siren,Legion Commander,Rubick,Templar Assassin,Digital Chaos,Team NP,Warlock,Venomancer,Omniknight,Drow Ranger,Outworld Devourer,Dire,1st Pick,Boston Major
,,,,,,,,,,,,,,,,,
2,Radiant,2nd Pick,Luna,Legion Commander,Rubick,Undying,Pugna,WarriorsGaming.Unity,OG,Shadow Demon,Alchemist,Batrider,Juggernaut,Lina,Dire,1st Pick,Boston Major
,,,,,,,,,,,,,,,,,
2,Dire,1st Pick,Shadow Demon,Elder Titan,Lifestealer,Sand King,Dragon Knight,WarriorsGaming.Unity,OG,Warlock,Legion Commander,Ogre Magi,Sven,Alchemist,Radiant,2nd Pick,Boston Major
,,,,,,,,,,,,,,,,,
1,Dire,1st Pick,Outworld Devourer,Legion Commander,Earth Spirit,Juggernaut,Oracle,WarriorsGaming.Unity,OG,Invoker,Rubick,Keeper of the Light,Sand King,Morphling,Radiant,2nd Pick,Boston Major
,,,,,,,,,,,,,,,,,
2,Dire,2nd Pick,Ogre Magi,Sniper,Slardar,Bloodseeker,Doom,Virtus Pro,Evil Geniuses,Shadow Demon,Mirana,Timbersaw,Alchemist,Chen,Radiant,1st Pick,Boston Major
,,,,,,,,,,,,,,,,,
2,Radiant,2nd Pick,Slardar,Lifestealer,Weaver,Dragon Knight,Ancient Apparition,Virtus Pro,Evil Geniuses,Io,Treant Protector,Clockwerk,Ursa,Morphling,Dire,1st Pick,Boston Major
,,,,,,,,,,,,,,,,,
2,Dire,2nd Pick,Batrider,Luna,Warlock,Timbersaw,Sand King,Newbee,Ad Finem,Shadow Demon,Nyx Assassin,Alchemist,Mirana,Weaver,Radiant,1st Pick,Boston Major
,,,,,,,,,,,,,,,,,
2,Dire,1st Pick,Ogre Magi,Sand King,Oracle,Slark,Dragon Knight,Newbee,Ad Finem,Batrider,Rubick,Bounty Hunter,Puck,Morphling,Radiant,2nd Pick,Boston Major
,,,,,,,,,,,,,,,,,
1,Dire,2nd Pick,Rubick,Juggernaut,Sand King,Outworld Devourer,Omniknight,Newbee,Ad Finem,Bounty Hunter,Dark Seer,Bane,Luna,Templar Assassin,Radiant,1st Pick,Boston Major
,,,,,,,,,,,,,,,,,
2,Radiant,2nd Pick,Nyx Assassin,Ogre Magi,Weaver,Oracle,Timbersaw,LGD,LGD.Forever Young,Batrider,Lifestealer,Disruptor,Dragon Knight,Slardar,Dire,1st Pick,Boston Major
,,,,,,,,,,,,,,,,,
2,Radiant,2nd Pick,Nyx Assassin,Ogre Magi,Lifestealer,Io,Shadow Fiend,LGD,LGD.Forever Young,Batrider,Silencer,Juggernaut,Sand King,Dragon Knight,Dire,1st Pick,Boston Major
,,,,,,,,,,,,,,,,,
2,Radiant,2nd Pick,Shadow Demon,Luna,Dark Seer,Dragon Knight,Enchantress,EHOME,Team NP,Warlock,Mirana,Sand King,Naga Siren,Disruptor,Dire,1st Pick,Boston Major
,,,,,,,,,,,,,,,,,
2,Dire,1st Pick,Omniknight,Ogre Magi,Night Stalker,Slark,Leshrac,EHOME,Team NP,Warlock,Mirana,Beastmaster,Luna,Sand King,Radiant,2nd Pick,Boston Major
,,,,,,,,,,,,,,,,,
1,Radiant,1st Pick,Omniknight,Batrider,Bane,Timbersaw,Lycan,EHOME,Team NP,Ogre Magi,Juggernaut,Weaver,Beastmaster,Silencer,Dire,2nd Pick,Boston Major
,,,,,,,,,,,,,,,,,
1,Radiant,1st Pick,Shadow Demon,Mirana,Juggernaut,Dark Seer,Dragon Knight,Digital Chaos,Team Faceless,Rubick,Luna,Enchantress,Centaur Warrunner,Sniper,Dire,2nd Pick,Boston Major
,,,,,,,,,,,,,,,,,
1,Radiant,2nd Pick,Rubick,Luna,Invoker,Undying,Legion Commander,Digital Chaos,Team Faceless,Shadow Demon,Tidehunter,Chen,Dragon Knight,Terrorblade,Dire,1st Pick,Boston Major
,,,,,,,,,,,,,,,,,
1,Dire,2nd Pick,Leshrac,Lifestealer,Mirana,Abaddon,Nyx Assassin,compLexity,Evil Geniuses,Batrider,Ogre Magi,Sven,Medusa,Oracle,Radiant,1st Pick,Boston Major
,,,,,,,,,,,,,,,,,
1,Dire,2nd Pick,Batrider,Treant Protector,Mirana,Weaver,Rubick,compLexity,Evil Geniuses,Ogre Magi,Juggernaut,Jakiro,Sand King,Slark,Radiant,1st Pick,Boston Major
,,,,,,,,,,,,,,,,,
2,Dire,2nd Pick,Keeper of the Light,Mirana,Faceless Void,Spirit Breaker,Dark Seer,compLexity,Evil Geniuses,Ogre Magi,Batrider,Disruptor,Naga Siren,Ursa,Radiant,1st Pick,Boston Major 
,,,,,,,,,,,,,,,,,
1,Radiant,1st Pick,Io,Outworld Devourer,Sand King,Anti-Mage,Keeper of the Light,Evil Geniuses,Team Faceless,Warlock,Timbersaw,Rubick,Weaver,Tinker,Dire,2nd Pick,Boston Major
,,,,,,,,,,,,,,,,,
1,Radiant,1st Pick,Io,Lifestealer,Sand King,Templar Assassin,Lion,Evil Geniuses,Team Faceless,Warlock,Nyx Assassin,Undying,Anti-Mage,Magnus,Dire,2nd Pick,Boston Major
,,,,,,,,,,,,,,,,,
2,Dire,1st Pick,Ogre Magi,Sniper,Rubick,Juggernaut,Nyx Assassin,Ad Finem,EHOME,Batrider,Omniknight,Dragon Knight,Weaver,Drow Ranger,Radiant,2nd Pick,Boston Major
,,,,,,,,,,,,,,,,,
2,Dire,1st Pick,Shadow Demon,Dark Seer,Dazzle,Timbersaw,Slark,Ad Finem,EHOME,Ogre Magi,Luna,Nyx Assassin,Alchemist,Ancient Apparition,Radiant,2nd Pick,Boston Major
,,,,,,,,,,,,,,,,,
1,Dire,1st Pick,Ogre Magi,Sniper,Slardar,Faceless Void,Disruptor,Ad Finem,EHOME,Shadow Demon,Luna,Clockwerk,Mirana,Elder Titan,Radiant,2nd Pick,Boston Major
,,,,,,,,,,,,,,,,,
2,Dire,1st Pick,Batrider,Ancient Apparition,Rubick,Ursa,Terrorblade,iG Vitality,EHOME,Ogre Magi,Alchemist,Omniknight,Night Stalker,Queen of Pain,Radiant,2nd Pick,Boston Major
,,,,,,,,,,,,,,,,,
2,Radiant,2nd Pick,Sand King,Jakiro,Witch Doctor,Mirana,Faceless Void,iG Vitality,EHOME,Ogre Magi,Rubick,Alchemist,Pugna,Clockwerk,Dire,1st Pick,Boston Major
,,,,,,,,,,,,,,,,,
1,Dire,1st Pick,Batrider,Silencer,Slark,Omniknight,Axe,iG Vitality,EHOME,Ogre Magi,Nyx Assassin,Bristleback,Dark Seer,Terrorblade,Radiant,2nd Pick,Boston Major
,,,,,,,,,,,,,,,,,
2,Dire,1st Pick,Ogre Magi,Juggernaut,Outworld Devourer,Pudge,Clockwerk,compLexity,LGD,Sand King,Jakiro,Rubick,Luna,Shadow Demon,Radiant,2nd Pick,Boston Major
,,,,,,,,,,,,,,,,,
2,Dire,1st Pick,Leshrac,Kunkka,Timbersaw,Sniper,Bounty Hunter,compLexity,LGD,Nyx Assassin,Ogre Magi,Rubick,Outworld Devourer,Slark,Radiant,2nd Pick,Boston Major
,,,,,,,,,,,,,,,,,
1,Radiant,2nd Pick,Luna,Warlock,Nyx Assassin,Rubick,Alchemist,OG,Ad Finem,Shadow Demon,Batrider,Clockwerk,Puck,Juggernaut,Dire,1st Pick,Boston Major
,,,,,,,,,,,,,,,,,
2,Dire,1st Pick,Shadow Demon,Batrider,Earth Spirit,Anti-Mage,Dragon Knight,OG,Ad Finem,Luna,Dark Seer,Rubick,Earthshaker,Timbersaw,Radiant,2nd Pick,Boston Major
,,,,,,,,,,,,,,,,,
1,Dire,2nd Pick,Drow Ranger,Mirana,Dazzle,Brewmaster,Dragon Knight,OG,Ad Finem,Ogre Magi,Dark Seer,Clockwerk,Lifestealer,Storm Spirit,Radiant,1st Pick,Boston Major
,,,,,,,,,,,,,,,,,
2,Radiant,1st Pick,Ogre Magi,Io,Juggernaut,Sven,Brewmaster,Evil Geniuses,compLexity,Treant Protector,Outworld Devourer,Mirana,Spirit Breaker,Weaver,Dire,2nd Pick,Boston Major
,,,,,,,,,,,,,,,,,
2,Radiant,1st Pick,Io,Lifestealer,Dark Seer,Earth Spirit,Invoker,Evil Geniuses,compLexity,Leshrac,Slardar,Slark,Outworld Devourer,Undying,Dire,2nd Pick,Boston Major
,,,,,,,,,,,,,,,,,
1,Radiant,2nd Pick,Io,Lifestealer,Spirit Breaker,Dark Seer,Alchemist,Evil Geniuses,compLexity,Leshrac,Slardar,Slark,Abaddon,Mirana,Dire,1st Pick,Boston Major
,,,,,,,,,,,,,,,,,
1,Radiant,2nd Pick,Shadow Demon,Luna,Slardar,Earth Spirit,Dragon Knight,OG,iG Vitality,Rubick,Juggernaut,Bounty Hunter,Beastmaster,Invoker,Dire,1st Pick,Boston Major
,,,,,,,,,,,,,,,,,
2,Dire,2nd Pick,Warlock,Invoker,Beastmaster,Ogre Magi,Ursa,OG,iG Vitality,Rubick,Juggernaut,Bounty Hunter,Tidehunter,Timbersaw,Radiant,1st Pick,Boston Major
,,,,,,,,,,,,,,,,,
1,Dire,2nd Pick,Shadow Demon,Luna,Mirana,Clockwerk,Timbersaw,OG,iG Vitality,Warlock,Slardar,Jakiro,Lifestealer,Legion Commander,Radiant,1st Pick,Boston Major
,,,,,,,,,,,,,,,,,
2,Dire,1st Pick,Ogre Magi,Outworld Devourer,Keeper of the Light,Omniknight,Slark,Team Faceless,LGD,Warlock,Legion Commander,Luna,Io,Shadow Fiend,Radiant,2nd Pick,Boston Major
,,,,,,,,,,,,,,,,,
2,Dire,1st Pick,Batrider,Ogre Magi,Drow Ranger,Medusa,Weaver,Team Faceless,LGD,Oracle,Outworld Devourer,Slardar,Riki,Phantom Assassin,Radiant,2nd Pick,Boston Major
,,,,,,,,,,,,,,,,,
2,Dire,1st Pick,Clockwerk,Ogre Magi,Enigma,Outworld Devourer,Timbersaw,EHOME,Ad Finem,Shadow Demon,Luna,Legion Commander,Bounty Hunter,Invoker,Radiant,2nd Pick,Boston Major
,,,,,,,,,,,,,,,,,
2,Radiant,2nd Pick,Shadow Demon,Luna,Sand King,Lifestealer,Riki,EHOME,Ad Finem,Ogre Magi,Clockwerk,Rubick,Faceless Void,Sniper,Dire,1st Pick,Boston Major
,,,,,,,,,,,,,,,,,
1,Radiant,2nd Pick,Ogre Magi,Luna,Chen,Nyx Assassin,Storm Spirit,EHOME,Ad Finem,Shadow Demon,Clockwerk,Mirana,Doom,Clinkz,Dire,1st Pick,Boston Major
,,,,,,,,,,,,,,,,,
2,Radiant,1st Pick,Elder Titan,Drow Ranger,Dazzle,Puck,Sniper,WarriorsGaming.Unity,Wings / Team Random,Shadow Demon,Luna,Sand King,Slardar,Alchemist,Dire,2nd Pick,Boston Major
,,,,,,,,,,,,,,,,,
2,Dire,1st Pick,Elder Titan,Phantom Assassin,Sand King,Rubick,Templar Assassin,WarriorsGaming.Unity,Wings / Team Random,Drow Ranger,Io,Puck,Mirana,Dazzle,Radiant,2nd Pick,Boston Major
,,,,,,,,,,,,,,,,,
1,Radiant,2nd Pick,Timbersaw,Rubick,Juggernaut,Pudge,Alchemist,Digital Chaos,LGD.Forever Young,Sand King,Pugna,Ursa,Disruptor,Razor,Dire,1st Pick,Boston Major
,,,,,,,,,,,,,,,,,
1,Radiant,2nd Pick,Warlock,Juggernaut,Magnus,Dark Seer,Phantom Assassin,Digital Chaos,LGD.Forever Young,Ogre Magi,Slardar,Rubick,Sniper,Ursa,Dire,1st Pick,Boston Major
,,,,,,,,,,,,,,,,,
1,Radiant,2nd Pick,Luna,Ogre Magi,Sand King,Rubick,Templar Assassin,Virtus Pro,Team NP,Shadow Demon,Clockwerk,Elder Titan,Sven,Queen of Pain,Dire,1st Pick,Boston Major
,,,,,,,,,,,,,,,,,
1,Radiant,2nd Pick,Ogre Magi,Lifestealer,Sand King,Io,Shadow Fiend,Virtus Pro,Team NP,Drow Ranger,Omniknight,Rubick,Outworld Devourer,Undying,Dire,1st Pick,Boston Major
,,,,,,,,,,,,,,,,,
2,Dire,2nd Pick,Ogre Magi,Drow Ranger,Batrider,Io,Medusa,Newbee,Team NP,Shadow Demon,Luna,Omniknight,Pudge,Razor,Radiant,1st Pick,Boston Major
,,,,,,,,,,,,,,,,,
1,Dire,2nd Pick,Ogre Magi,Drow Ranger,Silencer,Batrider,Morphling,Newbee,Team NP,Shadow Demon,Luna,Slardar,Dark Seer,Alchemist,Radiant,1st Pick,Boston Major
,,,,,,,,,,,,,,,,,
1,Radiant,2nd Pick,Ogre Magi,Juggernaut,Keeper of the Light,Timbersaw,Bloodseeker,Wings / Team Random,LGD.Forever Young,Rubick,Outworld Devourer,Slardar,Lifestealer,Mirana,Dire,1st Pick,Boston Major
,,,,,,,,,,,,,,,,,
1,Radiant,2nd Pick,Shadow Demon,Mirana,Timbersaw,Nyx Assassin,Clinkz,Wings / Team Random,LGD.Forever Young,Rubick,Sand King,Invoker,Anti-Mage,Leshrac,Dire,1st Pick,Boston Major
,,,,,,,,,,,,,,,,,
2,Dire,1st Pick,Io,Bristleback,Rubick,Slark,Ursa,MVPPhoenix,Team NP,Shadow Demon,Luna,Slardar,Timbersaw,Invoker,Radiant,2nd Pick,Boston Major
,,,,,,,,,,,,,,,,,
1,Radiant,1st Pick,Warlock,Omniknight,Slark,Weaver,Sniper,MVPPhoenix,Team NP,Drow Ranger,Venomancer,Witch Doctor,Undying,Queen of Pain,Dire,2nd Pick,Boston Major
,,,,,,,,,,,,,,,,,
2,Radiant,2nd Pick,Ogre Magi,Lifestealer,Rubick,Timbersaw,Phantom Assassin,MVPPhoenix,Team NP,Warlock,Omniknight,Mirana,Drow Ranger,Venomancer,Dire,1st Pick,Boston Major
,,,,,,,,,,,,,,,,,
2,Radiant,1st Pick,Keeper of the Light,Slardar,Weaver,Earth Spirit,Bristleback,WarriorsGaming.Unity,Digital Chaos,Juggernaut,Ogre Magi,Rubick,Nyx Assassin,Morphling,Dire,2nd Pick,Boston Major
,,,,,,,,,,,,,,,,,
2,Radiant,2nd Pick,Clockwerk,Lifestealer,Shadow Fiend,Lion,Beastmaster,WarriorsGaming.Unity,Digital Chaos,Sand King,Naga Siren,Winter Wyvern,Undying,Windranger,Dire,1st Pick,Boston Major
,,,,,,,,,,,,,,,,,
2,Dire,1st Pick,Ogre Magi,Axe,Phantom Assassin,Winter Wyvern,Dragon Knight,Newbee,Virtus Pro,Drow Ranger,Io,Disruptor,Sand King,Outworld Devourer,Radiant,2nd Pick,Boston Major
,,,,,,,,,,,,,,,,,
2,Dire,2nd Pick,Lifestealer,Nyx Assassin,Undying,Disruptor,Storm Spirit,Newbee,Virtus Pro,Batrider,Drow Ranger,Witch Doctor,Weaver,Dragon Knight,Radiant,1st Pick,Boston Major
,,,,,,,,,,,,,,,,,
1,Dire,2nd Pick,Rubick,Sand King,Ogre Magi,Drow Ranger,Morphling,Newbee,MVPPhoenix,Axe,Naga Siren,Witch Doctor,Undying,Vengeful Spirit,Radiant,1st Pick,Boston Major
,,,,,,,,,,,,,,,,,
1,Dire,2nd Pick,Slardar,Rubick,Juggernaut,Treant Protector,Templar Assassin,Newbee,MVPPhoenix,Ogre Magi,Nature's Prophet,Drow Ranger,Disruptor,Visage,Radiant,1st Pick,Boston Major
,,,,,,,,,,,,,,,,,
2,Dire,1st Pick,Drow Ranger,Disruptor,Centaur Warrunner,Medusa,Chen,Wings / Team Random,WarriorsGaming.Unity,Axe,Rubick,Phantom Assassin,Omniknight,Outworld Devourer,Radiant,2nd Pick,Boston Major
,,,,,,,,,,,,,,,,,
1,Radiant,2nd Pick,Warlock,Axe,Invoker,Earthshaker,Pugna,Wings / Team Random,WarriorsGaming.Unity,Shadow Demon,Luna,Earth Spirit,Tinker,Sand King,Dire,1st Pick,Boston Major